-- H2 2.2.224; 
;              
CREATE USER IF NOT EXISTS "SA" SALT '5357b2058a0ca2fb' HASH 'c2c399212a8f88df25c138d06cd1682b6525ceae06466dff937dacff8a9c532b' ADMIN;          
CREATE CACHED TABLE "PUBLIC"."METER_READINGS"(
    "ID" UUID NOT NULL,
    "CONSUMPTION" NUMERIC(12, 2),
    "CREATED_AT" TIMESTAMP(6),
    "NOTES" CHARACTER VARYING,
    "READING_DATE" DATE NOT NULL,
    "READING_VALUE" NUMERIC(12, 2) NOT NULL,
    "UPDATED_AT" TIMESTAMP(6),
    "METER_ID" UUID NOT NULL,
    "RECORDED_BY" UUID NOT NULL,
    "RECORDED_BY_MANUAL" CHARACTER VARYING(255)
);         
ALTER TABLE "PUBLIC"."METER_READINGS" ADD CONSTRAINT "PUBLIC"."CONSTRAINT_2" PRIMARY KEY("ID");
-- 20 +/- SELECT COUNT(*) FROM PUBLIC.METER_READINGS;          
INSERT INTO "PUBLIC"."METER_READINGS" VALUES
(UUID '0d7adf0d-bd2e-4034-804b-516322c151be', 0.00, TIMESTAMP '2026-03-27 10:04:36.029994', 'Initial reading', DATE '2026-03-27', 1250.00, TIMESTAMP '2026-03-27 10:04:36.03001', UUID '29b92e78-c728-4fde-a8a2-d49ddbd4da93', UUID '832fad90-a319-448a-8d01-06068d29c386', NULL),
(UUID 'f650a41b-1ac3-40f7-8f3d-7e5116353415', 50.00, TIMESTAMP '2026-03-27 10:09:03.572546', '', DATE '2026-03-27', 1300.00, TIMESTAMP '2026-03-27 10:09:03.572554', UUID '29b92e78-c728-4fde-a8a2-d49ddbd4da93', UUID '832fad90-a319-448a-8d01-06068d29c386', NULL),
(UUID '7ca0a40f-2528-4390-87be-bc7797d9b60f', 0.00, TIMESTAMP '2026-03-28 21:12:12.10894', '', DATE '2026-03-28', 1000.00, TIMESTAMP '2026-03-28 21:12:12.108957', UUID '496614b6-a116-48a3-adb9-1422a75bce77', UUID '6d4055e6-0744-4752-90ae-33062604a7fa', NULL),
(UUID '3f7f6a84-4bde-45dc-b088-3b63cd8b9610', 20.00, TIMESTAMP '2026-03-28 21:12:22.614433', '', DATE '2026-03-29', 1020.00, TIMESTAMP '2026-03-28 21:12:22.614444', UUID '496614b6-a116-48a3-adb9-1422a75bce77', UUID '6d4055e6-0744-4752-90ae-33062604a7fa', NULL),
(UUID '5d064dbc-3e1d-4b74-96b3-90fdb0ed3dcf', 0.00, TIMESTAMP '2026-03-29 19:09:55.148184', '', DATE '2026-03-29', 200.00, TIMESTAMP '2026-03-29 19:09:55.148197', UUID '7ae62121-c732-4f9a-b01d-3219eda26691', UUID '87d6c2b0-adf2-4109-8c7c-dae5d3cb1f1c', 'Google User'),
(UUID '62ee86e2-46bb-4600-9b88-579462d8653e', 50.00, TIMESTAMP '2026-03-29 19:10:13.676372', '', DATE '2026-03-29', 250.00, TIMESTAMP '2026-03-29 19:10:13.67638', UUID '7ae62121-c732-4f9a-b01d-3219eda26691', UUID '87d6c2b0-adf2-4109-8c7c-dae5d3cb1f1c', 'Google User'),
(UUID '8104c628-9fa5-4cbb-a703-7beb0c2bb919', 850.00, TIMESTAMP '2026-03-30 06:32:44.570132', '', DATE '2026-03-30', 1050.00, TIMESTAMP '2026-03-30 06:32:44.570141', UUID '7ae62121-c732-4f9a-b01d-3219eda26691', UUID '87d6c2b0-adf2-4109-8c7c-dae5d3cb1f1c', 'Google User'),
(UUID 'f8621e20-f407-4297-9242-91de6a166e3e', 20.00, TIMESTAMP '2026-03-30 06:32:49.786977', '', DATE '2026-03-30', 1070.00, TIMESTAMP '2026-03-30 06:32:49.786986', UUID '7ae62121-c732-4f9a-b01d-3219eda26691', UUID '87d6c2b0-adf2-4109-8c7c-dae5d3cb1f1c', 'Google User'),
(UUID 'dc2d91ab-7400-4135-92e6-8e75a6464a96', 50.00, TIMESTAMP '2026-03-30 06:32:53.935632', '', DATE '2026-03-30', 1100.00, TIMESTAMP '2026-03-30 06:32:53.93564', UUID '7ae62121-c732-4f9a-b01d-3219eda26691', UUID '87d6c2b0-adf2-4109-8c7c-dae5d3cb1f1c', 'Google User'),
(UUID '36fddf40-7dca-43d8-bc75-d92e81655fd7', 10.00, TIMESTAMP '2026-03-30 06:46:00.232973', NULL, DATE '2026-03-30', 1030.00, TIMESTAMP '2026-03-30 06:46:00.232981', UUID '496614b6-a116-48a3-adb9-1422a75bce77', UUID '6d4055e6-0744-4752-90ae-33062604a7fa', 'talha'),
(UUID '51dace2c-0d57-4e42-8e5f-d9e1cad49207', 0.00, TIMESTAMP '2026-03-30 06:46:00.244313', NULL, DATE '2026-03-30', 100.00, TIMESTAMP '2026-03-30 06:46:00.244321', UUID '584e7a6e-56a6-448e-a104-de54d25e8624', UUID '6d4055e6-0744-4752-90ae-33062604a7fa', 'talha'),
(UUID '21ce7dae-86ba-4a53-a089-088a5fc20177', 20.00, TIMESTAMP '2026-03-30 16:09:57.935102', NULL, DATE '2026-03-30', 1070.00, TIMESTAMP '2026-03-30 16:09:57.935118', UUID '7ae62121-c732-4f9a-b01d-3219eda26691', UUID '87d6c2b0-adf2-4109-8c7c-dae5d3cb1f1c', 'Google User'),
(UUID 'db644668-6325-4114-ba86-fc9f9a8ab96b', 0.00, TIMESTAMP '2026-03-30 16:09:57.96535', NULL, DATE '2026-03-30', 1000.00, TIMESTAMP '2026-03-30 16:09:57.965366', UUID '54357ed4-666c-4d84-adc9-a05bc0795c60', UUID '87d6c2b0-adf2-4109-8c7c-dae5d3cb1f1c', 'Google User'),
(UUID '61aee9a5-3ac4-46c7-ad31-9944e1e06b84', 70.00, TIMESTAMP '2026-03-30 16:58:25.957357', NULL, DATE '2026-03-30', 1100.00, TIMESTAMP '2026-03-30 16:58:25.95737', UUID '496614b6-a116-48a3-adb9-1422a75bce77', UUID '6d4055e6-0744-4752-90ae-33062604a7fa', 'talha'),
(UUID '2c9c0c60-708d-4eb9-bcd5-73c8e62db57b', 990.00, TIMESTAMP '2026-03-30 16:58:25.9686', NULL, DATE '2026-03-30', 1090.00, TIMESTAMP '2026-03-30 16:58:25.968612', UUID '584e7a6e-56a6-448e-a104-de54d25e8624', UUID '6d4055e6-0744-4752-90ae-33062604a7fa', 'talha'),
(UUID 'de0e75a8-1e82-4c9d-8f02-b6999a318bbd', 0.00, TIMESTAMP '2026-03-30 16:58:25.978354', NULL, DATE '2026-03-30', 1100.00, TIMESTAMP '2026-03-30 16:58:25.978364', UUID '62211432-87b1-4e22-8dd1-237b400ef3f9', UUID '6d4055e6-0744-4752-90ae-33062604a7fa', 'talha');       
INSERT INTO "PUBLIC"."METER_READINGS" VALUES
(UUID '31127ecc-989d-4609-bc28-cfba6f32371c', 170.00, TIMESTAMP '2026-03-31 10:39:57.630684', NULL, DATE '2026-03-31', 1200.00, TIMESTAMP '2026-03-31 10:39:57.630747', UUID '496614b6-a116-48a3-adb9-1422a75bce77', UUID '6d4055e6-0744-4752-90ae-33062604a7fa', 'talha'),
(UUID '3ca2f606-e55b-49af-b1f4-d814e730da8c', 1036.00, TIMESTAMP '2026-03-31 10:39:57.763447', NULL, DATE '2026-03-31', 1136.00, TIMESTAMP '2026-03-31 10:39:57.763484', UUID '584e7a6e-56a6-448e-a104-de54d25e8624', UUID '6d4055e6-0744-4752-90ae-33062604a7fa', 'talha'),
(UUID 'aa4c714e-0358-4035-b83c-0bb9f98e6cc9', 100.00, TIMESTAMP '2026-03-31 10:39:57.844126', NULL, DATE '2026-03-31', 1200.00, TIMESTAMP '2026-03-31 10:39:57.844179', UUID '62211432-87b1-4e22-8dd1-237b400ef3f9', UUID '6d4055e6-0744-4752-90ae-33062604a7fa', 'talha'),
(UUID 'a1aa2c69-90ff-46dc-9db8-e89a6ce0e1bd', 0.00, TIMESTAMP '2026-03-31 10:39:57.912432', NULL, DATE '2026-03-31', 1000.00, TIMESTAMP '2026-03-31 10:39:57.912489', UUID '37a7a8cb-35b0-43b8-bff2-baa442a04610', UUID '6d4055e6-0744-4752-90ae-33062604a7fa', 'talha');    
CREATE CACHED TABLE "PUBLIC"."MAINTENANCE_LOGS"(
    "ID" UUID NOT NULL,
    "COST" FLOAT(53) NOT NULL,
    "CREATED_AT" TIMESTAMP(6),
    "DESCRIPTION" CHARACTER VARYING,
    "ODOMETER" INTEGER NOT NULL,
    "SERVICE_DATE" TIMESTAMP(6) NOT NULL,
    "SERVICE_NAME" CHARACTER VARYING(255) NOT NULL,
    "TYPE" CHARACTER VARYING(255) NOT NULL,
    "VEHICLE_ID" UUID NOT NULL
);       
ALTER TABLE "PUBLIC"."MAINTENANCE_LOGS" ADD CONSTRAINT "PUBLIC"."CONSTRAINT_73" PRIMARY KEY("ID");             
-- 4 +/- SELECT COUNT(*) FROM PUBLIC.MAINTENANCE_LOGS;         
INSERT INTO "PUBLIC"."MAINTENANCE_LOGS" VALUES
(UUID '3bbc108d-ce07-4b8e-b50d-011ecd8c38b0', 50.0, TIMESTAMP '2026-03-26 19:51:54.164043', '', 10500, TIMESTAMP '2026-03-26 14:51:00', 'Oil Change', 'PREVENTIVE', UUID '271e046f-a871-46f6-a5e9-f4d525fa8f69'),
(UUID '59dbc9b6-54e3-4c0c-9033-83799b9dbe98', 100.0, TIMESTAMP '2026-03-29 11:42:48.103857', '', 1100, TIMESTAMP '2026-03-29 08:41:00', 'Oil Change', 'PREVENTIVE', UUID 'eea9df2f-9fe9-4825-b7de-85e77c8eec42'),
(UUID 'd33b4e86-4020-4e24-862f-085a3001184b', 100.0, TIMESTAMP '2026-03-29 12:01:39.752048', '', 1200, TIMESTAMP '2026-03-29 09:01:00', 'Oil Change', 'PREVENTIVE', UUID 'eea9df2f-9fe9-4825-b7de-85e77c8eec42'),
(UUID '9e87fc11-e767-4dc2-b823-cc91e5967fbb', 100.0, TIMESTAMP '2026-03-29 12:12:45.761337', '', 1300, TIMESTAMP '2026-03-29 09:12:00', 'Oil Change', 'PREVENTIVE', UUID 'eea9df2f-9fe9-4825-b7de-85e77c8eec42');         
CREATE CACHED TABLE "PUBLIC"."MAINTENANCE_SETTINGS"(
    "ID" UUID NOT NULL,
    "INTERVAL_KM" INTEGER,
    "LAST_SERVICE" TIMESTAMP(6),
    "NEXT_SERVICE" TIMESTAMP(6),
    "VEHICLE_ID" UUID
);             
ALTER TABLE "PUBLIC"."MAINTENANCE_SETTINGS" ADD CONSTRAINT "PUBLIC"."CONSTRAINT_D3" PRIMARY KEY("ID");         
-- 0 +/- SELECT COUNT(*) FROM PUBLIC.MAINTENANCE_SETTINGS;     
CREATE CACHED TABLE "PUBLIC"."USERS"(
    "ID" UUID NOT NULL,
    "CREATED_AT" TIMESTAMP(6),
    "EMAIL" CHARACTER VARYING(255),
    "NAME" CHARACTER VARYING(255),
    "PASSWORD" CHARACTER VARYING(255),
    "UPDATED_AT" TIMESTAMP(6),
    "CURRENCY" CHARACTER VARYING(255),
    "LOGO_URL" CHARACTER VARYING(255)
);      
ALTER TABLE "PUBLIC"."USERS" ADD CONSTRAINT "PUBLIC"."CONSTRAINT_4" PRIMARY KEY("ID");         
-- 14 +/- SELECT COUNT(*) FROM PUBLIC.USERS;   
INSERT INTO "PUBLIC"."USERS" VALUES
(UUID '236525df-91c9-43d9-9b9b-1364443f520d', TIMESTAMP '2026-03-26 19:47:09.888217', 'test@example.com', 'Test User', '$2a$10$1RTfVKBAQ8bRLzuGphuY8.Nadv62V4tMlHm5KHP1bL/kh6GRv5v9q', TIMESTAMP '2026-03-26 19:47:09.888273', NULL, NULL),
(UUID '6d4055e6-0744-4752-90ae-33062604a7fa', TIMESTAMP '2026-03-26 19:54:35.420198', 'italha.saeedsbr@gmail.com', 'talha', '$2a$10$qlN1m2/TyW9xIi1HcFMOseJy5nmNnt8zk.OD6S3VnjvphrwS4L0Be', TIMESTAMP '2026-03-31 11:24:01.510662', 'Rs', NULL),
(UUID '832fad90-a319-448a-8d01-06068d29c386', TIMESTAMP '2026-03-27 10:00:44.661756', 'test_meter@example.com', 'Test Meter User', '$2a$10$SgCcIZaL7RiaH.qIEeb.3evRgUtUT02Srj6cgIILzKwQ88gMl.Lgq', TIMESTAMP '2026-03-27 10:00:44.661809', NULL, NULL),
(UUID 'a1db7295-1aea-4f78-9319-488ee88a9a8e', TIMESTAMP '2026-03-27 15:24:22.507901', 'testcase@example.com', 'Case Test', '$2a$10$u5McPbBsAUd.G2JU17Q7Ju6hpyXWFeGYpb0Pbm2MzIvWl8JV2BM6i', TIMESTAMP '2026-03-27 15:24:22.507942', NULL, NULL),
(UUID '3b39747e-e5bf-4165-b1a7-5261ca0e5107', TIMESTAMP '2026-03-28 12:05:56.071796', 'test3@example.com', 'Test User 3', '$2a$10$S5LtvIgFasgXJoN/2jlTXeOwLfMp1zIpGDmnfgsGJtKtVNJb8LyTy', TIMESTAMP '2026-03-28 12:05:56.071837', NULL, NULL),
(UUID '67b630d1-7421-47dd-8a85-80b820f2e68c', TIMESTAMP '2026-03-28 16:02:56.549905', 'owner@example.com', 'Owner', '$2a$10$ppqktfFfWoPS72Ksca75f.DrINVVDL7CzTQ01HulroIr2F0thlFY.', TIMESTAMP '2026-03-28 16:02:56.549934', NULL, NULL),
(UUID '2e79e2c9-b45f-4f85-ba9d-4cae49aa8855', TIMESTAMP '2026-03-28 16:15:46.355631', 'owner2@example.com', 'Owner2', '$2a$10$bEXCDTOLea0n0K0yTijHEO4TjJoN3Ph/DIxVGNPa8q0hnGoUjUi6m', TIMESTAMP '2026-03-28 16:15:46.355652', NULL, NULL),
(UUID '629f905e-acbe-4235-b643-b2dce593f850', TIMESTAMP '2026-03-28 16:17:53.016059', 'owner3@example.com', 'Owner3', '$2a$10$EnyVSuPsFXQTbWVbJt15pOFNsGNX/IAWYKDfmgocUULYfEQmcThjy', TIMESTAMP '2026-03-28 16:17:53.01608', NULL, NULL),
(UUID 'e3e6040a-0859-48e2-a3bc-cce366ec06ce', TIMESTAMP '2026-03-28 16:45:17.378719', 'collab@example.com', 'Collab', '$2a$10$EZmoezCNq6WwHrdOQB2.UO86tas2BeC3BlqotOrJvlf0UnZuU2wU6', TIMESTAMP '2026-03-28 16:45:17.378747', NULL, NULL),
(UUID '50791e16-a4d3-4a6b-a203-4d7ea7ff9b10', TIMESTAMP '2026-03-28 18:37:37.169084', 'life.pulse.test1@example.com', 'Life Pulse User', '$2a$10$X6pMBK1Y0iNJt1ChjdBT8.33iLYyqBsmZA/fs6sRrcbkTCoc8cCRW', TIMESTAMP '2026-03-28 18:37:37.169103', NULL, NULL),
(UUID 'd4deb720-a34d-4be7-af37-cd4f858fa73c', TIMESTAMP '2026-03-28 20:14:56.724258', 'talha@example.com', 'talha', '$2a$10$7h93iENfsS5mBUDX9gLiiuTcjvV.WKPBh.mbyS.AwfI0vICcLuCya', TIMESTAMP '2026-03-28 20:14:56.724276', '$', NULL),
(UUID '961c590f-99f6-4849-a3c6-f8117dccc7de', TIMESTAMP '2026-03-29 11:01:39.865693', 'admin@vms.com', 'Admin User', '$2a$10$/kSTEXubPowc6un8RyUEwOzLdynxtuN3nMNHk/MCF3LAotRArzx8K', TIMESTAMP '2026-03-29 11:01:39.865712', '$', NULL),
(UUID 'e7b70edd-9f26-4d82-b65c-49d0f6c48bf0', TIMESTAMP '2026-03-29 17:55:17.057181', 'testuser@example.com', 'Test User', '$2a$10$DvU13jZEdfaR8T3VyCIcJ.ptGWPA/NoPny0MzSe6B5emmqNff5Vm.', TIMESTAMP '2026-03-29 17:55:17.057278', '$', NULL),
(UUID '87d6c2b0-adf2-4109-8c7c-dae5d3cb1f1c', TIMESTAMP '2026-03-29 18:35:05.776978', 'google.user@example.com', 'Google User', '$2a$10$2MHcAzvu/OLR0BBvvsu9O.0rrO8MGsIlClRginbo2CCMpU33nDCv.', TIMESTAMP '2026-03-29 18:35:05.776997', '$', NULL);             
CREATE CACHED TABLE "PUBLIC"."VEHICLE_ACCESS"(
    "ID" UUID NOT NULL,
    "ACCESS_STATUS" CHARACTER VARYING(255) NOT NULL,
    "CREATED_AT" TIMESTAMP(6),
    "UPDATED_AT" TIMESTAMP(6),
    "USER_ID" UUID NOT NULL,
    "VEHICLE_ID" UUID NOT NULL
);       
ALTER TABLE "PUBLIC"."VEHICLE_ACCESS" ADD CONSTRAINT "PUBLIC"."CONSTRAINT_D06" PRIMARY KEY("ID");              
-- 1 +/- SELECT COUNT(*) FROM PUBLIC.VEHICLE_ACCESS;           
INSERT INTO "PUBLIC"."VEHICLE_ACCESS" VALUES
(UUID '507a382c-ca17-427b-ab92-5eb2ad4caa9f', 'APPROVED', TIMESTAMP '2026-03-26 19:54:44.511996', TIMESTAMP '2026-03-26 19:54:49.23401', UUID '6d4055e6-0744-4752-90ae-33062604a7fa', UUID '271e046f-a871-46f6-a5e9-f4d525fa8f69');               
CREATE CACHED TABLE "PUBLIC"."METER_ACCESS"(
    "ID" UUID NOT NULL,
    "ACCESS_STATUS" CHARACTER VARYING(255) NOT NULL,
    "CREATED_AT" TIMESTAMP(6),
    "UPDATED_AT" TIMESTAMP(6),
    "METER_ID" UUID NOT NULL,
    "USER_ID" UUID NOT NULL
);           
ALTER TABLE "PUBLIC"."METER_ACCESS" ADD CONSTRAINT "PUBLIC"."CONSTRAINT_EA" PRIMARY KEY("ID"); 
-- 2 +/- SELECT COUNT(*) FROM PUBLIC.METER_ACCESS;             
INSERT INTO "PUBLIC"."METER_ACCESS" VALUES
(UUID '1b4e9827-d23b-46f8-9918-1e547a38fc0f', 'PENDING', TIMESTAMP '2026-03-28 16:50:00.81691', TIMESTAMP '2026-03-28 16:50:00.816925', UUID 'ae72eef4-aa13-4b6b-9bb4-7f689a9d9343', UUID 'e3e6040a-0859-48e2-a3bc-cce366ec06ce'),
(UUID 'bc320ca4-4961-4916-b59f-e06e7709f815', 'PENDING', TIMESTAMP '2026-03-28 17:05:25.270821', TIMESTAMP '2026-03-28 17:05:25.270844', UUID 'c671ed50-360f-45e9-a437-079f6c97bff6', UUID 'e3e6040a-0859-48e2-a3bc-cce366ec06ce');              
CREATE CACHED TABLE "PUBLIC"."VEHICLES"(
    "ID" UUID NOT NULL,
    "BRAND" CHARACTER VARYING(255),
    "CREATED_AT" TIMESTAMP(6),
    "CURRENT_ODOMETER" INTEGER,
    "LAST_SERVICE_ODOMETER" INTEGER,
    "LICENSE_PLATE" CHARACTER VARYING(255),
    "MODEL" CHARACTER VARYING(255),
    "MODEL_YEAR" INTEGER,
    "NAME" CHARACTER VARYING(255) NOT NULL,
    "UPDATED_AT" TIMESTAMP(6),
    "USER_ID" UUID NOT NULL,
    "CURRENCY" CHARACTER VARYING(255),
    "INITIAL_ODOMETER" INTEGER,
    "COLOR" CHARACTER VARYING(255)
);        
ALTER TABLE "PUBLIC"."VEHICLES" ADD CONSTRAINT "PUBLIC"."CONSTRAINT_A" PRIMARY KEY("ID");      
-- 5 +/- SELECT COUNT(*) FROM PUBLIC.VEHICLES; 
INSERT INTO "PUBLIC"."VEHICLES" VALUES
(UUID '271e046f-a871-46f6-a5e9-f4d525fa8f69', 'Toyota', TIMESTAMP '2026-03-26 19:49:25.737474', 11500, 10500, 'TST-1234', 'Corolla', 20262024, 'Test Car', TIMESTAMP '2026-03-30 07:25:07.653431', UUID '236525df-91c9-43d9-9b9b-1364443f520d', NULL, NULL, NULL),
(UUID 'eea9df2f-9fe9-4825-b7de-85e77c8eec42', 'BMW', TIMESTAMP '2026-03-29 11:03:34.143308', 1150, 1300, 'EUR-555', 'X5', 20262023, 'Euro Car', TIMESTAMP '2026-03-29 12:12:45.762012', UUID '961c590f-99f6-4849-a3c6-f8117dccc7de', NULL, NULL, NULL),
(UUID '61e73ddb-9f30-4f45-8950-729c769168a5', 'Honda', TIMESTAMP '2026-03-29 11:11:59.309757', 5100, 5000, 'ECO-123', 'Civic', 20262022, 'Economy Test', TIMESTAMP '2026-03-29 11:13:33.419352', UUID '961c590f-99f6-4849-a3c6-f8117dccc7de', NULL, NULL, NULL),
(UUID 'd896478e-a8d5-45ca-b232-6b064ee741bd', 'Test Brand', TIMESTAMP '2026-03-29 11:32:44.085804', 105240, 105110, 'TAL-1234', 'Test Model', 2026, 'talha', TIMESTAMP '2026-03-29 11:34:51.92553', UUID '961c590f-99f6-4849-a3c6-f8117dccc7de', NULL, NULL, NULL),
(UUID '36d5320c-9494-41b5-a42a-b53cf36ea6f2', 'toyota', TIMESTAMP '2026-03-30 19:34:10.489643', 10000, 10000, 'ABC-1234', 'camry', 2024, 'drive', TIMESTAMP '2026-03-31 09:15:17.351628', UUID '6d4055e6-0744-4752-90ae-33062604a7fa', '$', 10000, 'white black');      
CREATE CACHED TABLE "PUBLIC"."METERS"(
    "ID" UUID NOT NULL,
    "CREATED_AT" TIMESTAMP(6),
    "DESCRIPTION" CHARACTER VARYING(255),
    "IDENTIFIER" CHARACTER VARYING(255) NOT NULL,
    "NAME" CHARACTER VARYING(255) NOT NULL,
    "UPDATED_AT" TIMESTAMP(6),
    "OWNER_ID" UUID NOT NULL
);           
ALTER TABLE "PUBLIC"."METERS" ADD CONSTRAINT "PUBLIC"."CONSTRAINT_8" PRIMARY KEY("ID");        
-- 9 +/- SELECT COUNT(*) FROM PUBLIC.METERS;   
INSERT INTO "PUBLIC"."METERS" VALUES
(UUID '29b92e78-c728-4fde-a8a2-d49ddbd4da93', TIMESTAMP '2026-03-27 10:03:44.943991', NULL, 'M-123', 'Home Meter', TIMESTAMP '2026-03-27 10:03:44.944012', UUID '832fad90-a319-448a-8d01-06068d29c386'),
(UUID '496614b6-a116-48a3-adb9-1422a75bce77', TIMESTAMP '2026-03-27 11:04:03.917479', NULL, '0001', 'anwar', TIMESTAMP '2026-03-27 11:04:03.917495', UUID '6d4055e6-0744-4752-90ae-33062604a7fa'),
(UUID 'ae72eef4-aa13-4b6b-9bb4-7f689a9d9343', TIMESTAMP '2026-03-28 16:40:28.515213', NULL, 'M-999', 'Test Meter 999', TIMESTAMP '2026-03-28 16:40:28.515225', UUID '2e79e2c9-b45f-4f85-ba9d-4cae49aa8855'),
(UUID 'c671ed50-360f-45e9-a437-079f6c97bff6', TIMESTAMP '2026-03-28 17:02:09.002798', NULL, 'M-123_NEW', 'New Test Meter', TIMESTAMP '2026-03-28 17:02:09.002814', UUID '2e79e2c9-b45f-4f85-ba9d-4cae49aa8855'),
(UUID '584e7a6e-56a6-448e-a104-de54d25e8624', TIMESTAMP '2026-03-29 10:34:13.131286', NULL, '11', 'asif ', TIMESTAMP '2026-03-29 10:34:13.131305', UUID '6d4055e6-0744-4752-90ae-33062604a7fa'),
(UUID '7ae62121-c732-4f9a-b01d-3219eda26691', TIMESTAMP '2026-03-29 19:05:18.210959', NULL, 'TEST-MOB-001', 'Test Mobile Meter', TIMESTAMP '2026-03-29 19:05:18.210972', UUID '87d6c2b0-adf2-4109-8c7c-dae5d3cb1f1c'),
(UUID '54357ed4-666c-4d84-adc9-a05bc0795c60', TIMESTAMP '2026-03-30 06:33:48.711318', NULL, '002', 'ASIF', TIMESTAMP '2026-03-30 06:33:48.71133', UUID '87d6c2b0-adf2-4109-8c7c-dae5d3cb1f1c'),
(UUID '62211432-87b1-4e22-8dd1-237b400ef3f9', TIMESTAMP '2026-03-30 06:53:30.509313', NULL, '003', 'abdur rehman', TIMESTAMP '2026-03-30 06:53:30.509324', UUID '6d4055e6-0744-4752-90ae-33062604a7fa'),
(UUID '37a7a8cb-35b0-43b8-bff2-baa442a04610', TIMESTAMP '2026-03-30 19:33:43.416644', NULL, '0004', 'anwar 2', TIMESTAMP '2026-03-30 19:33:43.416668', UUID '6d4055e6-0744-4752-90ae-33062604a7fa');           
CREATE CACHED TABLE "PUBLIC"."PASSWORD_RESET_TOKENS"(
    "ID" UUID NOT NULL,
    "EXPIRY_DATE" TIMESTAMP(6) NOT NULL,
    "TOKEN" CHARACTER VARYING(255) NOT NULL,
    "USER_ID" UUID NOT NULL
);             
ALTER TABLE "PUBLIC"."PASSWORD_RESET_TOKENS" ADD CONSTRAINT "PUBLIC"."CONSTRAINT_86" PRIMARY KEY("ID");        
-- 1 +/- SELECT COUNT(*) FROM PUBLIC.PASSWORD_RESET_TOKENS;    
INSERT INTO "PUBLIC"."PASSWORD_RESET_TOKENS" VALUES
(UUID 'edda7375-4fc4-4c8d-be1d-f1c878e90fcd', TIMESTAMP '2026-03-30 20:32:51.479029', 'f4b9db52-1c10-474f-aa7f-38d2f776fce7', UUID '6d4055e6-0744-4752-90ae-33062604a7fa');
CREATE CACHED TABLE "PUBLIC"."BUDGET_ACCESS"(
    "ID" UUID NOT NULL,
    "ACCESS_STATUS" CHARACTER VARYING(255) NOT NULL,
    "CREATED_AT" TIMESTAMP(6),
    "UPDATED_AT" TIMESTAMP(6),
    "BUDGET_ID" UUID NOT NULL,
    "USER_ID" UUID NOT NULL
);         
ALTER TABLE "PUBLIC"."BUDGET_ACCESS" ADD CONSTRAINT "PUBLIC"."CONSTRAINT_796" PRIMARY KEY("ID");               
-- 0 +/- SELECT COUNT(*) FROM PUBLIC.BUDGET_ACCESS;            
CREATE CACHED TABLE "PUBLIC"."BUDGET_CATEGORIES"(
    "ID" UUID NOT NULL,
    "COLOR" CHARACTER VARYING(255) NOT NULL,
    "IS_SYSTEM" BOOLEAN NOT NULL,
    "NAME" CHARACTER VARYING(255) NOT NULL,
    "OWNER_ID" UUID
);    
ALTER TABLE "PUBLIC"."BUDGET_CATEGORIES" ADD CONSTRAINT "PUBLIC"."CONSTRAINT_AE" PRIMARY KEY("ID");            
-- 10 +/- SELECT COUNT(*) FROM PUBLIC.BUDGET_CATEGORIES;       
INSERT INTO "PUBLIC"."BUDGET_CATEGORIES" VALUES
(UUID 'dbf8f25e-f129-4b32-a457-f02838c81dfa', '#3b82f6', TRUE, 'Transport', NULL),
(UUID '58300471-9df3-4f58-b137-b432f698cefd', '#f59e0b', TRUE, 'Entertainment', NULL),
(UUID '3ef51a3e-4670-48b6-977f-ead000810e29', '#f97316', TRUE, 'Food & Dining', NULL),
(UUID '99548ff1-f62d-42bc-ab11-e2b6ed9df6d3', '#94a3b8', TRUE, 'Other', NULL),
(UUID '4158a18a-65ec-4aae-b657-0294c0f73bcd', '#8b5cf6', TRUE, 'Bills & Utilities', NULL),
(UUID '571df583-049b-43f6-ae70-4a767ab89246', '#6366f1', TRUE, 'Education', NULL),
(UUID '9d08f981-aaae-486a-adde-fd54f4d9e858', '#22c55e', TRUE, 'Salary', NULL),
(UUID '8aa0c678-a9f4-4fe3-b0ea-6c12ef9ed899', '#10b981', TRUE, 'Health & Medical', NULL),
(UUID '89d632e0-f119-4b42-889a-8fb38aea064f', '#ec4899', TRUE, 'Shopping', NULL),
(UUID 'ed581049-d7b2-4c7d-b891-790b3ecee4ec', '#0ea5e9', TRUE, 'Business', NULL);    
CREATE CACHED TABLE "PUBLIC"."BUDGET_TRANSACTIONS"(
    "ID" UUID NOT NULL,
    "AMOUNT" NUMERIC(15, 2) NOT NULL,
    "CATEGORY" CHARACTER VARYING(255) NOT NULL,
    "CREATED_AT" TIMESTAMP(6),
    "DATE" DATE NOT NULL,
    "DESCRIPTION" CHARACTER VARYING(255),
    "TYPE" CHARACTER VARYING(255) NOT NULL,
    "ADDED_BY_ID" UUID NOT NULL,
    "BUDGET_ID" UUID NOT NULL
);             
ALTER TABLE "PUBLIC"."BUDGET_TRANSACTIONS" ADD CONSTRAINT "PUBLIC"."CONSTRAINT_1D" PRIMARY KEY("ID");          
-- 3 +/- SELECT COUNT(*) FROM PUBLIC.BUDGET_TRANSACTIONS;      
INSERT INTO "PUBLIC"."BUDGET_TRANSACTIONS" VALUES
(UUID '78e8dcb8-ecfe-4e40-9feb-b380983dd668', 1000.00, 'Food & Dining', TIMESTAMP '2026-03-28 19:34:42.364935', DATE '2026-03-28', NULL, 'INCOME', UUID '6d4055e6-0744-4752-90ae-33062604a7fa', UUID 'd047bd1d-5fa2-417c-b076-f70e1776d5f4'),
(UUID '9ba0ddbd-45ed-4032-a305-d3b3d41ba964', 200.00, 'Food & Dining', TIMESTAMP '2026-03-28 21:20:37.06098', DATE '2026-03-28', 'food', 'EXPENSE', UUID '6d4055e6-0744-4752-90ae-33062604a7fa', UUID 'd047bd1d-5fa2-417c-b076-f70e1776d5f4'),
(UUID 'a0661b14-18b8-4e05-ab0f-44ed9bba54ee', 5.00, 'Transport', TIMESTAMP '2026-03-29 12:40:33.34915', DATE '2026-03-29', 'Coffee', 'EXPENSE', UUID '961c590f-99f6-4849-a3c6-f8117dccc7de', UUID '7d5768a9-87f5-4680-a4b0-e51d9954bc75');      
CREATE CACHED TABLE "PUBLIC"."BUDGETS"(
    "ID" UUID NOT NULL,
    "CREATED_AT" TIMESTAMP(6),
    "DESCRIPTION" CHARACTER VARYING(255),
    "NAME" CHARACTER VARYING(255) NOT NULL,
    "TYPE" CHARACTER VARYING(255) NOT NULL,
    "UPDATED_AT" TIMESTAMP(6),
    "OWNER_ID" UUID NOT NULL
);
ALTER TABLE "PUBLIC"."BUDGETS" ADD CONSTRAINT "PUBLIC"."CONSTRAINT_38" PRIMARY KEY("ID");      
-- 4 +/- SELECT COUNT(*) FROM PUBLIC.BUDGETS;  
INSERT INTO "PUBLIC"."BUDGETS" VALUES
(UUID 'dc617128-2ca0-43c6-85cd-d6bd986b85e9', TIMESTAMP '2026-03-28 19:23:41.139879', U&'my bidget\000a', 'home ', 'HOME', TIMESTAMP '2026-03-28 19:23:41.139898', UUID '236525df-91c9-43d9-9b9b-1364443f520d'),
(UUID '74b3a583-3c0f-4d37-b19d-3c8fd23a6a27', TIMESTAMP '2026-03-28 19:25:27.676448', NULL, 'home', 'HOME', TIMESTAMP '2026-03-28 19:25:27.676466', UUID '236525df-91c9-43d9-9b9b-1364443f520d'),
(UUID 'd047bd1d-5fa2-417c-b076-f70e1776d5f4', TIMESTAMP '2026-03-28 19:29:05.745744', NULL, 'home', 'HOME', TIMESTAMP '2026-03-28 19:29:05.745795', UUID '6d4055e6-0744-4752-90ae-33062604a7fa'),
(UUID '7d5768a9-87f5-4680-a4b0-e51d9954bc75', TIMESTAMP '2026-03-29 12:39:54.3738', NULL, 'Home Budget 2026', 'HOME', TIMESTAMP '2026-03-29 12:39:54.373815', UUID '961c590f-99f6-4849-a3c6-f8117dccc7de');         
CREATE CACHED TABLE "PUBLIC"."FUEL_LOGS"(
    "ID" UUID NOT NULL,
    "CREATED_AT" TIMESTAMP(6),
    "FUEL_AMOUNT" FLOAT(53),
    "LOG_DATE" TIMESTAMP(6),
    "ODOMETER" INTEGER,
    "TOTAL_COST" FLOAT(53),
    "VEHICLE_ID" UUID,
    "FUEL_ECONOMY" FLOAT(53)
);          
ALTER TABLE "PUBLIC"."FUEL_LOGS" ADD CONSTRAINT "PUBLIC"."CONSTRAINT_D" PRIMARY KEY("ID");     
-- 7 +/- SELECT COUNT(*) FROM PUBLIC.FUEL_LOGS;
INSERT INTO "PUBLIC"."FUEL_LOGS" VALUES
(UUID '7a222524-83c6-4ad0-b6ef-d73da2323e0c', TIMESTAMP '2026-03-26 19:50:18.158084', 40.0, TIMESTAMP '2026-03-26 00:00:00', 10500, 60.0, UUID '271e046f-a871-46f6-a5e9-f4d525fa8f69', NULL),
(UUID 'ecf210dd-a0f3-423c-bdb2-6ccdb4bd5ad1', TIMESTAMP '2026-03-26 19:55:04.269584', 50.0, TIMESTAMP '2026-03-26 00:00:00', 11000, 100.0, UUID '271e046f-a871-46f6-a5e9-f4d525fa8f69', NULL),
(UUID 'ecdd4543-db21-48b0-9377-198db35a3b1e', TIMESTAMP '2026-03-29 11:13:33.418966', 10.0, TIMESTAMP '2026-03-29 00:00:00', 5100, 50.0, UUID '61e73ddb-9f30-4f45-8950-729c769168a5', NULL),
(UUID '2148e7b2-fccf-4838-ab27-9fd64cca08f7', TIMESTAMP '2026-03-29 11:34:01.765241', 10.0, TIMESTAMP '2026-03-29 00:00:00', 105110, 10.0, UUID 'd896478e-a8d5-45ca-b232-6b064ee741bd', NULL),
(UUID 'cb1d48c5-1193-49c2-a918-27410cc39d24', TIMESTAMP '2026-03-29 11:34:51.925132', 15.0, TIMESTAMP '2026-03-29 00:00:00', 105240, 15.0, UUID 'd896478e-a8d5-45ca-b232-6b064ee741bd', NULL),
(UUID '7152ed16-8133-4ab5-bd2f-550bab1d4b86', TIMESTAMP '2026-03-29 11:46:35.255465', 10.0, TIMESTAMP '2026-03-29 00:00:00', 1150, 20.0, UUID 'eea9df2f-9fe9-4825-b7de-85e77c8eec42', NULL),
(UUID '7faa8f62-c644-4d0e-8bed-2e0d31d6b9cd', TIMESTAMP '2026-03-30 07:25:07.652376', 30.0, TIMESTAMP '2026-03-30 04:25:07.621', 11500, 120.0, UUID '271e046f-a871-46f6-a5e9-f4d525fa8f69', 33.333333333333336);  
ALTER TABLE "PUBLIC"."BUDGETS" ADD CONSTRAINT "PUBLIC"."CONSTRAINT_3" CHECK("TYPE" IN('HOME', 'BUSINESS', 'PERSONAL', 'OTHER')) NOCHECK;       
ALTER TABLE "PUBLIC"."MAINTENANCE_LOGS" ADD CONSTRAINT "PUBLIC"."CONSTRAINT_7" CHECK("TYPE" IN('PREVENTIVE', 'CORRECTIVE')) NOCHECK;           
ALTER TABLE "PUBLIC"."BUDGET_TRANSACTIONS" ADD CONSTRAINT "PUBLIC"."CONSTRAINT_1" CHECK("TYPE" IN('INCOME', 'EXPENSE')) NOCHECK;               
ALTER TABLE "PUBLIC"."VEHICLE_ACCESS" ADD CONSTRAINT "PUBLIC"."CONSTRAINT_D0" CHECK("ACCESS_STATUS" IN('PENDING', 'APPROVED', 'REJECTED')) NOCHECK;            
ALTER TABLE "PUBLIC"."BUDGET_ACCESS" ADD CONSTRAINT "PUBLIC"."CONSTRAINT_79" CHECK("ACCESS_STATUS" IN('PENDING', 'APPROVED', 'REJECTED')) NOCHECK;             
ALTER TABLE "PUBLIC"."METER_ACCESS" ADD CONSTRAINT "PUBLIC"."CONSTRAINT_E" CHECK("ACCESS_STATUS" IN('PENDING', 'APPROVED', 'REJECTED')) NOCHECK;               
ALTER TABLE "PUBLIC"."USERS" ADD CONSTRAINT "PUBLIC"."UK_6DOTKOTT2KJSP8VW4D0M25FB7" UNIQUE("EMAIL");           
ALTER TABLE "PUBLIC"."PASSWORD_RESET_TOKENS" ADD CONSTRAINT "PUBLIC"."UK_71LQWBWTKLMLJK3QLSUGR1MIG" UNIQUE("TOKEN");           
ALTER TABLE "PUBLIC"."METERS" ADD CONSTRAINT "PUBLIC"."UK_13X1KYE4KR25DVTAI2V7GP2BS" UNIQUE("IDENTIFIER");     
ALTER TABLE "PUBLIC"."MAINTENANCE_SETTINGS" ADD CONSTRAINT "PUBLIC"."UK_GX1H7UY8EGUPIQE9WUQTW04SN" UNIQUE("VEHICLE_ID");       
ALTER TABLE "PUBLIC"."PASSWORD_RESET_TOKENS" ADD CONSTRAINT "PUBLIC"."UK_LA2TS67G4OH2SREAYSWHOX1I6" UNIQUE("USER_ID");         
ALTER TABLE "PUBLIC"."VEHICLE_ACCESS" ADD CONSTRAINT "PUBLIC"."FKQQNKP83YE8B3YR90KDFC6CXM5" FOREIGN KEY("USER_ID") REFERENCES "PUBLIC"."USERS"("ID") NOCHECK;  
ALTER TABLE "PUBLIC"."PASSWORD_RESET_TOKENS" ADD CONSTRAINT "PUBLIC"."FKK3NDXG5XP6V7WD4GJYUSP15GQ" FOREIGN KEY("USER_ID") REFERENCES "PUBLIC"."USERS"("ID") NOCHECK;           
ALTER TABLE "PUBLIC"."VEHICLE_ACCESS" ADD CONSTRAINT "PUBLIC"."FKH34A6WTKHMI2VCYCVCK16FCLF" FOREIGN KEY("VEHICLE_ID") REFERENCES "PUBLIC"."VEHICLES"("ID") NOCHECK;            
ALTER TABLE "PUBLIC"."VEHICLES" ADD CONSTRAINT "PUBLIC"."FKO4U5Y92LT2SX8Y2DC1BB9SEWC" FOREIGN KEY("USER_ID") REFERENCES "PUBLIC"."USERS"("ID") NOCHECK;        
ALTER TABLE "PUBLIC"."METER_READINGS" ADD CONSTRAINT "PUBLIC"."FKNALAULQJLF29G1DLUKDEYG0G4" FOREIGN KEY("METER_ID") REFERENCES "PUBLIC"."METERS"("ID") NOCHECK;
ALTER TABLE "PUBLIC"."METER_ACCESS" ADD CONSTRAINT "PUBLIC"."FK8A5W9XDKCT7IQ6SKT4PHMB3D6" FOREIGN KEY("METER_ID") REFERENCES "PUBLIC"."METERS"("ID") NOCHECK;  
ALTER TABLE "PUBLIC"."FUEL_LOGS" ADD CONSTRAINT "PUBLIC"."FK6JM7BRSFFEYB4MC2W2PMKN29P" FOREIGN KEY("VEHICLE_ID") REFERENCES "PUBLIC"."VEHICLES"("ID") NOCHECK; 
ALTER TABLE "PUBLIC"."BUDGET_TRANSACTIONS" ADD CONSTRAINT "PUBLIC"."FK8JOD9JLVTX8UYJY9CT75MOD98" FOREIGN KEY("ADDED_BY_ID") REFERENCES "PUBLIC"."USERS"("ID") NOCHECK;         
ALTER TABLE "PUBLIC"."BUDGET_TRANSACTIONS" ADD CONSTRAINT "PUBLIC"."FKTAXCWBFP5J7I1FGKMDALXHQI6" FOREIGN KEY("BUDGET_ID") REFERENCES "PUBLIC"."BUDGETS"("ID") NOCHECK;         
ALTER TABLE "PUBLIC"."MAINTENANCE_LOGS" ADD CONSTRAINT "PUBLIC"."FK4SLJGQ22C15WL545SVBFEHQT9" FOREIGN KEY("VEHICLE_ID") REFERENCES "PUBLIC"."VEHICLES"("ID") NOCHECK;          
ALTER TABLE "PUBLIC"."MAINTENANCE_SETTINGS" ADD CONSTRAINT "PUBLIC"."FKQH5K2USQHFFM1BWK1NL11T3NI" FOREIGN KEY("VEHICLE_ID") REFERENCES "PUBLIC"."VEHICLES"("ID") NOCHECK;      
ALTER TABLE "PUBLIC"."BUDGET_ACCESS" ADD CONSTRAINT "PUBLIC"."FK7H6FR9JAHY8S0N8SY2E44I988" FOREIGN KEY("BUDGET_ID") REFERENCES "PUBLIC"."BUDGETS"("ID") NOCHECK;               
ALTER TABLE "PUBLIC"."METERS" ADD CONSTRAINT "PUBLIC"."FKQAVGMXUU0GDXSTXEIYD40O9XQ" FOREIGN KEY("OWNER_ID") REFERENCES "PUBLIC"."USERS"("ID") NOCHECK;         
ALTER TABLE "PUBLIC"."BUDGET_CATEGORIES" ADD CONSTRAINT "PUBLIC"."FK9YQTDFK4U1KBX7QRYQYPA1DFY" FOREIGN KEY("OWNER_ID") REFERENCES "PUBLIC"."USERS"("ID") NOCHECK;              
ALTER TABLE "PUBLIC"."BUDGETS" ADD CONSTRAINT "PUBLIC"."FKCP9SUO3S6LD0RNJTN2N32EO8C" FOREIGN KEY("OWNER_ID") REFERENCES "PUBLIC"."USERS"("ID") NOCHECK;        
ALTER TABLE "PUBLIC"."METER_READINGS" ADD CONSTRAINT "PUBLIC"."FKNLR3CADCL4CGTBJ7QF66OBV4G" FOREIGN KEY("RECORDED_BY") REFERENCES "PUBLIC"."USERS"("ID") NOCHECK;              
ALTER TABLE "PUBLIC"."BUDGET_ACCESS" ADD CONSTRAINT "PUBLIC"."FKDOV9OU8B4UWR4DMSUAICD2FMY" FOREIGN KEY("USER_ID") REFERENCES "PUBLIC"."USERS"("ID") NOCHECK;   
ALTER TABLE "PUBLIC"."METER_ACCESS" ADD CONSTRAINT "PUBLIC"."FKDES49QWC1SCY2YTH1QUPN1Q8B" FOREIGN KEY("USER_ID") REFERENCES "PUBLIC"."USERS"("ID") NOCHECK;    
