INSERT INTO meter_readings VALUES('0d7adf0d-bd2e-4034-804b-516322c151be', 0.00, '2026-03-27 10:04:36.029994', 'Initial reading', '2026-03-27', 1250.00, '2026-03-27 10:04:36.03001', '29b92e78-c728-4fde-a8a2-d49ddbd4da93', '832fad90-a319-448a-8d01-06068d29c386', NULL); 
INSERT INTO meter_readings VALUES('f650a41b-1ac3-40f7-8f3d-7e5116353415', 50.00, '2026-03-27 10:09:03.572546', '', '2026-03-27', 1300.00, '2026-03-27 10:09:03.572554', '29b92e78-c728-4fde-a8a2-d49ddbd4da93', '832fad90-a319-448a-8d01-06068d29c386', NULL);              
INSERT INTO meter_readings VALUES('7ca0a40f-2528-4390-87be-bc7797d9b60f', 0.00, '2026-03-28 21:12:12.10894', '', '2026-03-28', 1000.00, '2026-03-28 21:12:12.108957', '496614b6-a116-48a3-adb9-1422a75bce77', '6d4055e6-0744-4752-90ae-33062604a7fa', NULL);
INSERT INTO meter_readings VALUES('3f7f6a84-4bde-45dc-b088-3b63cd8b9610', 20.00, '2026-03-28 21:12:22.614433', '', '2026-03-29', 1020.00, '2026-03-28 21:12:22.614444', '496614b6-a116-48a3-adb9-1422a75bce77', '6d4055e6-0744-4752-90ae-33062604a7fa', NULL);              
INSERT INTO meter_readings VALUES('5d064dbc-3e1d-4b74-96b3-90fdb0ed3dcf', 0.00, '2026-03-29 19:09:55.148184', '', '2026-03-29', 200.00, '2026-03-29 19:09:55.148197', '7ae62121-c732-4f9a-b01d-3219eda26691', '87d6c2b0-adf2-4109-8c7c-dae5d3cb1f1c', 'Google User');       
INSERT INTO meter_readings VALUES('62ee86e2-46bb-4600-9b88-579462d8653e', 50.00, '2026-03-29 19:10:13.676372', '', '2026-03-29', 250.00, '2026-03-29 19:10:13.67638', '7ae62121-c732-4f9a-b01d-3219eda26691', '87d6c2b0-adf2-4109-8c7c-dae5d3cb1f1c', 'Google User');       
INSERT INTO meter_readings VALUES('8104c628-9fa5-4cbb-a703-7beb0c2bb919', 850.00, '2026-03-30 06:32:44.570132', '', '2026-03-30', 1050.00, '2026-03-30 06:32:44.570141', '7ae62121-c732-4f9a-b01d-3219eda26691', '87d6c2b0-adf2-4109-8c7c-dae5d3cb1f1c', 'Google User');    
INSERT INTO meter_readings VALUES('f8621e20-f407-4297-9242-91de6a166e3e', 20.00, '2026-03-30 06:32:49.786977', '', '2026-03-30', 1070.00, '2026-03-30 06:32:49.786986', '7ae62121-c732-4f9a-b01d-3219eda26691', '87d6c2b0-adf2-4109-8c7c-dae5d3cb1f1c', 'Google User');     
INSERT INTO meter_readings VALUES('dc2d91ab-7400-4135-92e6-8e75a6464a96', 50.00, '2026-03-30 06:32:53.935632', '', '2026-03-30', 1100.00, '2026-03-30 06:32:53.93564', '7ae62121-c732-4f9a-b01d-3219eda26691', '87d6c2b0-adf2-4109-8c7c-dae5d3cb1f1c', 'Google User');      
INSERT INTO meter_readings VALUES('36fddf40-7dca-43d8-bc75-d92e81655fd7', 10.00, '2026-03-30 06:46:00.232973', NULL, '2026-03-30', 1030.00, '2026-03-30 06:46:00.232981', '496614b6-a116-48a3-adb9-1422a75bce77', '6d4055e6-0744-4752-90ae-33062604a7fa', 'talha');         
INSERT INTO meter_readings VALUES('51dace2c-0d57-4e42-8e5f-d9e1cad49207', 0.00, '2026-03-30 06:46:00.244313', NULL, '2026-03-30', 100.00, '2026-03-30 06:46:00.244321', '584e7a6e-56a6-448e-a104-de54d25e8624', '6d4055e6-0744-4752-90ae-33062604a7fa', 'talha');           
INSERT INTO meter_readings VALUES('21ce7dae-86ba-4a53-a089-088a5fc20177', 20.00, '2026-03-30 16:09:57.935102', NULL, '2026-03-30', 1070.00, '2026-03-30 16:09:57.935118', '7ae62121-c732-4f9a-b01d-3219eda26691', '87d6c2b0-adf2-4109-8c7c-dae5d3cb1f1c', 'Google User');   
INSERT INTO meter_readings VALUES('db644668-6325-4114-ba86-fc9f9a8ab96b', 0.00, '2026-03-30 16:09:57.96535', NULL, '2026-03-30', 1000.00, '2026-03-30 16:09:57.965366', '54357ed4-666c-4d84-adc9-a05bc0795c60', '87d6c2b0-adf2-4109-8c7c-dae5d3cb1f1c', 'Google User');     
INSERT INTO meter_readings VALUES('61aee9a5-3ac4-46c7-ad31-9944e1e06b84', 70.00, '2026-03-30 16:58:25.957357', NULL, '2026-03-30', 1100.00, '2026-03-30 16:58:25.95737', '496614b6-a116-48a3-adb9-1422a75bce77', '6d4055e6-0744-4752-90ae-33062604a7fa', 'talha');          
INSERT INTO meter_readings VALUES('2c9c0c60-708d-4eb9-bcd5-73c8e62db57b', 990.00, '2026-03-30 16:58:25.9686', NULL, '2026-03-30', 1090.00, '2026-03-30 16:58:25.968612', '584e7a6e-56a6-448e-a104-de54d25e8624', '6d4055e6-0744-4752-90ae-33062604a7fa', 'talha');          
INSERT INTO meter_readings VALUES('de0e75a8-1e82-4c9d-8f02-b6999a318bbd', 0.00, '2026-03-30 16:58:25.978354', NULL, '2026-03-30', 1100.00, '2026-03-30 16:58:25.978364', '62211432-87b1-4e22-8dd1-237b400ef3f9', '6d4055e6-0744-4752-90ae-33062604a7fa', 'talha');          
INSERT INTO meter_readings VALUES('31127ecc-989d-4609-bc28-cfba6f32371c', 170.00, '2026-03-31 10:39:57.630684', NULL, '2026-03-31', 1200.00, '2026-03-31 10:39:57.630747', '496614b6-a116-48a3-adb9-1422a75bce77', '6d4055e6-0744-4752-90ae-33062604a7fa', 'talha');        
INSERT INTO meter_readings VALUES('3ca2f606-e55b-49af-b1f4-d814e730da8c', 1036.00, '2026-03-31 10:39:57.763447', NULL, '2026-03-31', 1136.00, '2026-03-31 10:39:57.763484', '584e7a6e-56a6-448e-a104-de54d25e8624', '6d4055e6-0744-4752-90ae-33062604a7fa', 'talha');       
INSERT INTO meter_readings VALUES('aa4c714e-0358-4035-b83c-0bb9f98e6cc9', 100.00, '2026-03-31 10:39:57.844126', NULL, '2026-03-31', 1200.00, '2026-03-31 10:39:57.844179', '62211432-87b1-4e22-8dd1-237b400ef3f9', '6d4055e6-0744-4752-90ae-33062604a7fa', 'talha');        
INSERT INTO meter_readings VALUES('a1aa2c69-90ff-46dc-9db8-e89a6ce0e1bd', 0.00, '2026-03-31 10:39:57.912432', NULL, '2026-03-31', 1000.00, '2026-03-31 10:39:57.912489', '37a7a8cb-35b0-43b8-bff2-baa442a04610', '6d4055e6-0744-4752-90ae-33062604a7fa', 'talha');          
INSERT INTO maintenance_logs VALUES('3bbc108d-ce07-4b8e-b50d-011ecd8c38b0', 50.0, '2026-03-26 19:51:54.164043', '', 10500, '2026-03-26 14:51:00', 'Oil Change', 'PREVENTIVE', '271e046f-a871-46f6-a5e9-f4d525fa8f69');
INSERT INTO maintenance_logs VALUES('59dbc9b6-54e3-4c0c-9033-83799b9dbe98', 100.0, '2026-03-29 11:42:48.103857', '', 1100, '2026-03-29 08:41:00', 'Oil Change', 'PREVENTIVE', 'eea9df2f-9fe9-4825-b7de-85e77c8eec42');
INSERT INTO maintenance_logs VALUES('d33b4e86-4020-4e24-862f-085a3001184b', 100.0, '2026-03-29 12:01:39.752048', '', 1200, '2026-03-29 09:01:00', 'Oil Change', 'PREVENTIVE', 'eea9df2f-9fe9-4825-b7de-85e77c8eec42');
INSERT INTO maintenance_logs VALUES('9e87fc11-e767-4dc2-b823-cc91e5967fbb', 100.0, '2026-03-29 12:12:45.761337', '', 1300, '2026-03-29 09:12:00', 'Oil Change', 'PREVENTIVE', 'eea9df2f-9fe9-4825-b7de-85e77c8eec42');
INSERT INTO users VALUES('236525df-91c9-43d9-9b9b-1364443f520d', '2026-03-26 19:47:09.888217', 'test@example.com', 'Test User', '$2a$10$1RTfVKBAQ8bRLzuGphuY8.Nadv62V4tMlHm5KHP1bL/kh6GRv5v9q', '2026-03-26 19:47:09.888273', NULL, NULL); 
INSERT INTO users VALUES('6d4055e6-0744-4752-90ae-33062604a7fa', '2026-03-26 19:54:35.420198', 'italha.saeedsbr@gmail.com', 'talha', '$2a$10$qlN1m2/TyW9xIi1HcFMOseJy5nmNnt8zk.OD6S3VnjvphrwS4L0Be', '2026-03-31 11:24:01.510662', 'Rs', NULL);            
INSERT INTO users VALUES('832fad90-a319-448a-8d01-06068d29c386', '2026-03-27 10:00:44.661756', 'test_meter@example.com', 'Test Meter User', '$2a$10$SgCcIZaL7RiaH.qIEeb.3evRgUtUT02Srj6cgIILzKwQ88gMl.Lgq', '2026-03-27 10:00:44.661809', NULL, NULL);     
INSERT INTO users VALUES('a1db7295-1aea-4f78-9319-488ee88a9a8e', '2026-03-27 15:24:22.507901', 'testcase@example.com', 'Case Test', '$2a$10$u5McPbBsAUd.G2JU17Q7Ju6hpyXWFeGYpb0Pbm2MzIvWl8JV2BM6i', '2026-03-27 15:24:22.507942', NULL, NULL);             
INSERT INTO users VALUES('3b39747e-e5bf-4165-b1a7-5261ca0e5107', '2026-03-28 12:05:56.071796', 'test3@example.com', 'Test User 3', '$2a$10$S5LtvIgFasgXJoN/2jlTXeOwLfMp1zIpGDmnfgsGJtKtVNJb8LyTy', '2026-03-28 12:05:56.071837', NULL, NULL);              
INSERT INTO users VALUES('67b630d1-7421-47dd-8a85-80b820f2e68c', '2026-03-28 16:02:56.549905', 'owner@example.com', 'Owner', '$2a$10$ppqktfFfWoPS72Ksca75f.DrINVVDL7CzTQ01HulroIr2F0thlFY.', '2026-03-28 16:02:56.549934', NULL, NULL);    
INSERT INTO users VALUES('2e79e2c9-b45f-4f85-ba9d-4cae49aa8855', '2026-03-28 16:15:46.355631', 'owner2@example.com', 'Owner2', '$2a$10$bEXCDTOLea0n0K0yTijHEO4TjJoN3Ph/DIxVGNPa8q0hnGoUjUi6m', '2026-03-28 16:15:46.355652', NULL, NULL);  
INSERT INTO users VALUES('629f905e-acbe-4235-b643-b2dce593f850', '2026-03-28 16:17:53.016059', 'owner3@example.com', 'Owner3', '$2a$10$EnyVSuPsFXQTbWVbJt15pOFNsGNX/IAWYKDfmgocUULYfEQmcThjy', '2026-03-28 16:17:53.01608', NULL, NULL);   
INSERT INTO users VALUES('e3e6040a-0859-48e2-a3bc-cce366ec06ce', '2026-03-28 16:45:17.378719', 'collab@example.com', 'Collab', '$2a$10$EZmoezCNq6WwHrdOQB2.UO86tas2BeC3BlqotOrJvlf0UnZuU2wU6', '2026-03-28 16:45:17.378747', NULL, NULL);  
INSERT INTO users VALUES('50791e16-a4d3-4a6b-a203-4d7ea7ff9b10', '2026-03-28 18:37:37.169084', 'life.pulse.test1@example.com', 'Life Pulse User', '$2a$10$X6pMBK1Y0iNJt1ChjdBT8.33iLYyqBsmZA/fs6sRrcbkTCoc8cCRW', '2026-03-28 18:37:37.169103', NULL, NULL);               
INSERT INTO users VALUES('d4deb720-a34d-4be7-af37-cd4f858fa73c', '2026-03-28 20:14:56.724258', 'talha@example.com', 'talha', '$2a$10$7h93iENfsS5mBUDX9gLiiuTcjvV.WKPBh.mbyS.AwfI0vICcLuCya', '2026-03-28 20:14:56.724276', '$', NULL);     
INSERT INTO users VALUES('961c590f-99f6-4849-a3c6-f8117dccc7de', '2026-03-29 11:01:39.865693', 'admin@vms.com', 'Admin User', '$2a$10$/kSTEXubPowc6un8RyUEwOzLdynxtuN3nMNHk/MCF3LAotRArzx8K', '2026-03-29 11:01:39.865712', '$', NULL);    
INSERT INTO users VALUES('e7b70edd-9f26-4d82-b65c-49d0f6c48bf0', '2026-03-29 17:55:17.057181', 'testuser@example.com', 'Test User', '$2a$10$DvU13jZEdfaR8T3VyCIcJ.ptGWPA/NoPny0MzSe6B5emmqNff5Vm.', '2026-03-29 17:55:17.057278', '$', NULL);              
INSERT INTO users VALUES('87d6c2b0-adf2-4109-8c7c-dae5d3cb1f1c', '2026-03-29 18:35:05.776978', 'google.user@example.com', 'Google User', '$2a$10$2MHcAzvu/OLR0BBvvsu9O.0rrO8MGsIlClRginbo2CCMpU33nDCv.', '2026-03-29 18:35:05.776997', '$', NULL);         
INSERT INTO vehicle_access VALUES('507a382c-ca17-427b-ab92-5eb2ad4caa9f', 'APPROVED', '2026-03-26 19:54:44.511996', '2026-03-26 19:54:49.23401', '6d4055e6-0744-4752-90ae-33062604a7fa', '271e046f-a871-46f6-a5e9-f4d525fa8f69');
INSERT INTO meter_access VALUES('1b4e9827-d23b-46f8-9918-1e547a38fc0f', 'PENDING', '2026-03-28 16:50:00.81691', '2026-03-28 16:50:00.816925', 'ae72eef4-aa13-4b6b-9bb4-7f689a9d9343', 'e3e6040a-0859-48e2-a3bc-cce366ec06ce');   
INSERT INTO meter_access VALUES('bc320ca4-4961-4916-b59f-e06e7709f815', 'PENDING', '2026-03-28 17:05:25.270821', '2026-03-28 17:05:25.270844', 'c671ed50-360f-45e9-a437-079f6c97bff6', 'e3e6040a-0859-48e2-a3bc-cce366ec06ce');  
INSERT INTO vehicles VALUES('271e046f-a871-46f6-a5e9-f4d525fa8f69', 'Toyota', '2026-03-26 19:49:25.737474', 11500, 10500, 'TST-1234', 'Corolla', 20262024, 'Test Car', '2026-03-30 07:25:07.653431', '236525df-91c9-43d9-9b9b-1364443f520d', NULL, NULL, NULL);       
INSERT INTO vehicles VALUES('eea9df2f-9fe9-4825-b7de-85e77c8eec42', 'BMW', '2026-03-29 11:03:34.143308', 1150, 1300, 'EUR-555', 'X5', 20262023, 'Euro Car', '2026-03-29 12:12:45.762012', '961c590f-99f6-4849-a3c6-f8117dccc7de', NULL, NULL, NULL);  
INSERT INTO vehicles VALUES('61e73ddb-9f30-4f45-8950-729c769168a5', 'Honda', '2026-03-29 11:11:59.309757', 5100, 5000, 'ECO-123', 'Civic', 20262022, 'Economy Test', '2026-03-29 11:13:33.419352', '961c590f-99f6-4849-a3c6-f8117dccc7de', NULL, NULL, NULL);         
INSERT INTO vehicles VALUES('d896478e-a8d5-45ca-b232-6b064ee741bd', 'Test Brand', '2026-03-29 11:32:44.085804', 105240, 105110, 'TAL-1234', 'Test Model', 2026, 'talha', '2026-03-29 11:34:51.92553', '961c590f-99f6-4849-a3c6-f8117dccc7de', NULL, NULL, NULL);      
INSERT INTO vehicles VALUES('36d5320c-9494-41b5-a42a-b53cf36ea6f2', 'toyota', '2026-03-30 19:34:10.489643', 10000, 10000, 'ABC-1234', 'camry', 2024, 'drive', '2026-03-31 09:15:17.351628', '6d4055e6-0744-4752-90ae-33062604a7fa', '$', 10000, 'white black');       
INSERT INTO meters VALUES('29b92e78-c728-4fde-a8a2-d49ddbd4da93', '2026-03-27 10:03:44.943991', NULL, 'M-123', 'Home Meter', '2026-03-27 10:03:44.944012', '832fad90-a319-448a-8d01-06068d29c386');   
INSERT INTO meters VALUES('496614b6-a116-48a3-adb9-1422a75bce77', '2026-03-27 11:04:03.917479', NULL, '0001', 'anwar', '2026-03-27 11:04:03.917495', '6d4055e6-0744-4752-90ae-33062604a7fa');         
INSERT INTO meters VALUES('ae72eef4-aa13-4b6b-9bb4-7f689a9d9343', '2026-03-28 16:40:28.515213', NULL, 'M-999', 'Test Meter 999', '2026-03-28 16:40:28.515225', '2e79e2c9-b45f-4f85-ba9d-4cae49aa8855');               
INSERT INTO meters VALUES('c671ed50-360f-45e9-a437-079f6c97bff6', '2026-03-28 17:02:09.002798', NULL, 'M-123_NEW', 'New Test Meter', '2026-03-28 17:02:09.002814', '2e79e2c9-b45f-4f85-ba9d-4cae49aa8855');           
INSERT INTO meters VALUES('584e7a6e-56a6-448e-a104-de54d25e8624', '2026-03-29 10:34:13.131286', NULL, '11', 'asif ', '2026-03-29 10:34:13.131305', '6d4055e6-0744-4752-90ae-33062604a7fa');           
INSERT INTO meters VALUES('7ae62121-c732-4f9a-b01d-3219eda26691', '2026-03-29 19:05:18.210959', NULL, 'TEST-MOB-001', 'Test Mobile Meter', '2026-03-29 19:05:18.210972', '87d6c2b0-adf2-4109-8c7c-dae5d3cb1f1c');     
INSERT INTO meters VALUES('54357ed4-666c-4d84-adc9-a05bc0795c60', '2026-03-30 06:33:48.711318', NULL, '002', 'ASIF', '2026-03-30 06:33:48.71133', '87d6c2b0-adf2-4109-8c7c-dae5d3cb1f1c');            
INSERT INTO meters VALUES('62211432-87b1-4e22-8dd1-237b400ef3f9', '2026-03-30 06:53:30.509313', NULL, '003', 'abdur rehman', '2026-03-30 06:53:30.509324', '6d4055e6-0744-4752-90ae-33062604a7fa');   
INSERT INTO meters VALUES('37a7a8cb-35b0-43b8-bff2-baa442a04610', '2026-03-30 19:33:43.416644', NULL, '0004', 'anwar 2', '2026-03-30 19:33:43.416668', '6d4055e6-0744-4752-90ae-33062604a7fa');       
INSERT INTO password_reset_tokens VALUES('edda7375-4fc4-4c8d-be1d-f1c878e90fcd', '2026-03-30 20:32:51.479029', 'f4b9db52-1c10-474f-aa7f-38d2f776fce7', '6d4055e6-0744-4752-90ae-33062604a7fa'); 
INSERT INTO budget_categories VALUES('dbf8f25e-f129-4b32-a457-f02838c81dfa', '#3b82f6', TRUE, 'Transport', NULL);              
INSERT INTO budget_categories VALUES('58300471-9df3-4f58-b137-b432f698cefd', '#f59e0b', TRUE, 'Entertainment', NULL);          
INSERT INTO budget_categories VALUES('3ef51a3e-4670-48b6-977f-ead000810e29', '#f97316', TRUE, 'Food & Dining', NULL);          
INSERT INTO budget_categories VALUES('99548ff1-f62d-42bc-ab11-e2b6ed9df6d3', '#94a3b8', TRUE, 'Other', NULL);  
INSERT INTO budget_categories VALUES('4158a18a-65ec-4aae-b657-0294c0f73bcd', '#8b5cf6', TRUE, 'Bills & Utilities', NULL);      
INSERT INTO budget_categories VALUES('571df583-049b-43f6-ae70-4a767ab89246', '#6366f1', TRUE, 'Education', NULL);              
INSERT INTO budget_categories VALUES('9d08f981-aaae-486a-adde-fd54f4d9e858', '#22c55e', TRUE, 'Salary', NULL); 
INSERT INTO budget_categories VALUES('8aa0c678-a9f4-4fe3-b0ea-6c12ef9ed899', '#10b981', TRUE, 'Health & Medical', NULL);       
INSERT INTO budget_categories VALUES('89d632e0-f119-4b42-889a-8fb38aea064f', '#ec4899', TRUE, 'Shopping', NULL);               
INSERT INTO budget_categories VALUES('ed581049-d7b2-4c7d-b891-790b3ecee4ec', '#0ea5e9', TRUE, 'Business', NULL);               
INSERT INTO budget_transactions VALUES('78e8dcb8-ecfe-4e40-9feb-b380983dd668', 1000.00, 'Food & Dining', '2026-03-28 19:34:42.364935', '2026-03-28', NULL, 'INCOME', '6d4055e6-0744-4752-90ae-33062604a7fa', 'd047bd1d-5fa2-417c-b076-f70e1776d5f4'); 
INSERT INTO budget_transactions VALUES('9ba0ddbd-45ed-4032-a305-d3b3d41ba964', 200.00, 'Food & Dining', '2026-03-28 21:20:37.06098', '2026-03-28', 'food', 'EXPENSE', '6d4055e6-0744-4752-90ae-33062604a7fa', 'd047bd1d-5fa2-417c-b076-f70e1776d5f4');
INSERT INTO budget_transactions VALUES('a0661b14-18b8-4e05-ab0f-44ed9bba54ee', 5.00, 'Transport', '2026-03-29 12:40:33.34915', '2026-03-29', 'Coffee', 'EXPENSE', '961c590f-99f6-4849-a3c6-f8117dccc7de', '7d5768a9-87f5-4680-a4b0-e51d9954bc75');    
INSERT INTO budgets VALUES('dc617128-2ca0-43c6-85cd-d6bd986b85e9', '2026-03-28 19:23:41.139879', U&'my bidget\000a', 'home ', 'HOME', '2026-03-28 19:23:41.139898', '236525df-91c9-43d9-9b9b-1364443f520d');          
INSERT INTO budgets VALUES('74b3a583-3c0f-4d37-b19d-3c8fd23a6a27', '2026-03-28 19:25:27.676448', NULL, 'home', 'HOME', '2026-03-28 19:25:27.676466', '236525df-91c9-43d9-9b9b-1364443f520d');         
INSERT INTO budgets VALUES('d047bd1d-5fa2-417c-b076-f70e1776d5f4', '2026-03-28 19:29:05.745744', NULL, 'home', 'HOME', '2026-03-28 19:29:05.745795', '6d4055e6-0744-4752-90ae-33062604a7fa');         
INSERT INTO budgets VALUES('7d5768a9-87f5-4680-a4b0-e51d9954bc75', '2026-03-29 12:39:54.3738', NULL, 'Home Budget 2026', 'HOME', '2026-03-29 12:39:54.373815', '961c590f-99f6-4849-a3c6-f8117dccc7de');               
INSERT INTO fuel_logs VALUES('7a222524-83c6-4ad0-b6ef-d73da2323e0c', '2026-03-26 19:50:18.158084', 40.0, '2026-03-26 00:00:00', 10500, 60.0, '271e046f-a871-46f6-a5e9-f4d525fa8f69', NULL);           
INSERT INTO fuel_logs VALUES('ecf210dd-a0f3-423c-bdb2-6ccdb4bd5ad1', '2026-03-26 19:55:04.269584', 50.0, '2026-03-26 00:00:00', 11000, 100.0, '271e046f-a871-46f6-a5e9-f4d525fa8f69', NULL);          
INSERT INTO fuel_logs VALUES('ecdd4543-db21-48b0-9377-198db35a3b1e', '2026-03-29 11:13:33.418966', 10.0, '2026-03-29 00:00:00', 5100, 50.0, '61e73ddb-9f30-4f45-8950-729c769168a5', NULL);            
INSERT INTO fuel_logs VALUES('2148e7b2-fccf-4838-ab27-9fd64cca08f7', '2026-03-29 11:34:01.765241', 10.0, '2026-03-29 00:00:00', 105110, 10.0, 'd896478e-a8d5-45ca-b232-6b064ee741bd', NULL);          
INSERT INTO fuel_logs VALUES('cb1d48c5-1193-49c2-a918-27410cc39d24', '2026-03-29 11:34:51.925132', 15.0, '2026-03-29 00:00:00', 105240, 15.0, 'd896478e-a8d5-45ca-b232-6b064ee741bd', NULL);          
INSERT INTO fuel_logs VALUES('7152ed16-8133-4ab5-bd2f-550bab1d4b86', '2026-03-29 11:46:35.255465', 10.0, '2026-03-29 00:00:00', 1150, 20.0, 'eea9df2f-9fe9-4825-b7de-85e77c8eec42', NULL);            
INSERT INTO fuel_logs VALUES('7faa8f62-c644-4d0e-8bed-2e0d31d6b9cd', '2026-03-30 07:25:07.652376', 30.0, '2026-03-30 04:25:07.621', 11500, 120.0, '271e046f-a871-46f6-a5e9-f4d525fa8f69', 33.333333333333336);        
